Id,Title,DescriptionSoftware Developer,You have to code,9000.00
Software Developer,You have to code,9000.00
Software Developer,You have to code,9000.00
Software Developer,You have to code,9000.00
Software Developer,You have to code,9000.00
Software Engineer,You are the master of coding,150000.00
Software Developer,You have to code,9000.00
Software Developer,You have to code,9000.00
Software Engineer,You are the master of coding,150000.00
Front-End Engineer,Website Development,12000.00
Engineer,You have to engineer,200000.00
ks;fks;f,s;fkds;k;sk;,sklf;dskf;
